{"train_loss":2.252283286190033,"_step":20000,"total_flos":1.8031569788731392e+20,"train_runtime":58988.5222,"_runtime":58987.51364817,"_wandb":{"runtime":58989},"_timestamp":1.742180487890972e+09,"train/grad_norm":0.12060546875,"train_samples_per_second":86.797,"train/global_step":20000,"train/learning_rate":0,"train/epoch":0.999987500156248,"train/loss":1.9801,"train_steps_per_second":0.339}