{"train_samples_per_second":78.692,"_timestamp":1.7421213907256458e+09,"_step":20000,"train/grad_norm":0.11376953125,"train_steps_per_second":0.307,"train/learning_rate":0,"_runtime":65062.850428208,"_wandb":{"runtime":65067},"train/epoch":0.999987500156248,"train/loss":1.9692,"train_runtime":65063.8459,"total_flos":1.8033309250486272e+20,"train_loss":2.2350089726507663,"train/global_step":20000}